{
	"class_name" : "PinholeCameraParameters",
	"extrinsic" : 
	[
		0.98836302771131412,
		0.0071482264521204302,
		-0.15194547808971939,
		0.0,
		-0.0067476785069470356,
		0.99997226772315295,
		0.0031516058417612311,
		0.0,
		0.15196379268790011,
		-0.0020896514551820042,
		0.98838385208819801,
		0.0,
		-0.42200002614279253,
		6.8776429534383388,
		18.530386289960898,
		1.0
	],
	"intrinsic" : 
	{
		"height" : 773,
		"intrinsic_matrix" : 
		[
			669.43763712537111,
			0.0,
			0.0,
			0.0,
			669.43763712537111,
			0.0,
			719.5,
			386.0,
			1.0
		],
		"width" : 1440
	},
	"version_major" : 1,
	"version_minor" : 0
}